id,time_scrap,nombre,precio,url_articulo,municipio,search_term
1219411216,2026-01-16 10:37:59,IPHONE 17 256GB NUEVO PRECINTADO,859 €,https://es.wallapop.com/item/iphone-17-256gb-nuevo-precintado-1219411216,Madrid,iphone 17
1218823410,2026-01-16 10:37:59,iPhone 17 256GB Blanco Nuevo Precintado,845 €,https://es.wallapop.com/item/iphone-17-256gb-blanco-nuevo-precintado-1218823410,Madrid,iphone 17
1219385600,2026-01-16 10:37:59,iPhone 17 Pro Azul,1050 €,https://es.wallapop.com/item/iphone-17-pro-azul-1219385600,Madrid,iphone 17
1219254866,2026-01-16 10:37:59,iPhone 17 Pro (factura),1100 €,https://es.wallapop.com/item/iphone-17-pro-256gb-azul-1219254866,Madrid,iphone 17
1219472427,2026-01-16 10:37:59,iPhone 17 Air Plata/Blanco,800 €,https://es.wallapop.com/item/iphone-17-air-plata-blanco-1219472427,Madrid,iphone 17
1219278661,2026-01-16 10:37:59,iPhone 17 Air Blanco de 256 gb,800 €,https://es.wallapop.com/item/iphone-17-air-blanco-de-256-gb-1219278661,Madrid,iphone 17
1219378997,2026-01-16 10:37:59,iPhone 17 Pro azul,1050 €,https://es.wallapop.com/item/iphone-17-pro-azul-marino-1219378997,Madrid,iphone 17
1218820195,2026-01-16 10:37:59,iPhone 17 256GB Lavanda precintado,800 €,https://es.wallapop.com/item/iphone-17-256gb-lavanda-precintado-1218820195,Madrid,iphone 17
1218781731,2026-01-16 10:37:59,PRECINTADO iPhone 17 256GB,"819,99 €",https://es.wallapop.com/item/precintado-iphone-17-256gb-1218781731,Madrid,iphone 17
1219339933,2026-01-16 10:37:59,iPhone 17 256GB Azul Neblina - NUEVO PRECINTADO,830 €,https://es.wallapop.com/item/iphone-17-256gb-azul-neblina-nuevo-precintado-1219339933,Madrid,iphone 17
1219482809,2026-01-16 10:37:59,iPhone 17 Pro 256GB Sin Abrir,1100 €,https://es.wallapop.com/item/iphone-17-pro-256gb-sin-abrir-1219482809,Madrid,iphone 17
1218503898,2026-01-16 10:37:59,Iphone 17 Lavanda,840 €,https://es.wallapop.com/item/iphone-17-lavanda-1218503898,Madrid,iphone 17
1218574847,2026-01-16 10:37:59,iPhone 17 Apple Negro con Funda y Cable,800 €,https://es.wallapop.com/item/iphone-17-apple-negro-con-funda-y-cable-1218574847,Madrid,iphone 17
1219448041,2026-01-16 10:37:59,iPhone 17 Pro 512GB Morado,1150 €,https://es.wallapop.com/item/iphone-17-pro-512gb-morado-1219448041,Madrid,iphone 17
1219489408,2026-01-16 10:37:59,iPhone 17 Pro Max 256GB Naranja,1000 €,https://es.wallapop.com/item/iphone-17-pro-max-256gb-naranja-1219489408,Madrid,iphone 17
1219277570,2026-01-16 10:37:59,iPhone 17 256 GB Negro,850 €,https://es.wallapop.com/item/iphone-17-256-gb-negro-1219277570,Madrid,iphone 17
1219589383,2026-01-16 10:37:59,iPhone 17 Pro Plata,1070 €,https://es.wallapop.com/item/iphone-17-pro-plata-1219589383,Madrid,iphone 17
1219596933,2026-01-16 10:37:59,iPhone 17 Pro Azul,1569 €,https://es.wallapop.com/item/iphone-17-pro-azul-1219596933,Madrid,iphone 17
1218959012,2026-01-16 10:37:59,iPhone 17 Verde,590 €,https://es.wallapop.com/item/iphone-17-verde-1218959012,Madrid,iphone 17
1219440131,2026-01-16 10:37:59,iPhone 17 Pro Max 256GB Negro Nuevo,1179 €,https://es.wallapop.com/item/iphone-17-pro-max-256gb-negro-nuevo-1219440131,Madrid,iphone 17
1218594944,2026-01-16 10:37:59,iPhone 17 Pro 256GB Naranja,1000 €,https://es.wallapop.com/item/iphone-17-pro-256gb-naranja-1218594944,Madrid,iphone 17
1219063605,2026-01-16 10:37:59,iPhone 17 Pro 256GB 100% Batería,980 €,https://es.wallapop.com/item/iphone-17-pro-256gb-100-bateria-1219063605,Madrid,iphone 17
1218958252,2026-01-16 10:37:59,iPhone 17 Pro 512GB,1239 €,https://es.wallapop.com/item/iphone-17-pro-512gb-1218958252,Madrid,iphone 17
1219158629,2026-01-16 10:37:59,iPhone 17 Pro Precintado Azul Marino,1200 €,https://es.wallapop.com/item/iphone-17-pro-precintado-azul-marino-1219158629,Madrid,iphone 17
1218360058,2026-01-16 10:37:59,PRECINTADO! iPhone 17 Pro 256gb,"1099,99 €",https://es.wallapop.com/item/precintado-iphone-17-pro-256gb-1218360058,Madrid,iphone 17
1219475631,2026-01-16 10:37:59,iPhone 17 Blanco 256GB,769 €,https://es.wallapop.com/item/iphone-17-blanco-256gb-1219475631,Madrid,iphone 17
1218934107,2026-01-16 10:37:59,iPhone 17 Negro/Gris de 256 gb,825 €,https://es.wallapop.com/item/iphone-17-negro-gris-de-256-gb-1218934107,Madrid,iphone 17
1219597991,2026-01-16 10:37:59,Iphone 17 pro,1000 €,https://es.wallapop.com/item/iphone-17-pro-1219597991,Madrid,iphone 17
1218361168,2026-01-16 10:37:59,iPhone 17 Azul 256G,800 €,https://es.wallapop.com/item/iphone-17-azul-1218361168,Madrid,iphone 17
1219323951,2026-01-16 10:38:00,iPhone 17 Pro 512GB,1239 €,https://es.wallapop.com/item/iphone-17-pro-512gb-1219323951,Madrid,iphone 17
1219472034,2026-01-16 10:38:00,iPhone 17 Pro Max Negro,800 €,https://es.wallapop.com/item/iphone-17-pro-max-negro-1219472034,Madrid,iphone 17
1218924480,2026-01-16 10:38:00,iPhone 17 Air 256 GB Negro,950 €,https://es.wallapop.com/item/iphone-17-air-256-gb-negro-1218924480,Madrid,iphone 17
1219545342,2026-01-16 10:38:00,iPhone 17 Pro Max,1200 €,https://es.wallapop.com/item/iphone-17-pro-max-1219545342,Madrid,iphone 17
1219570902,2026-01-16 10:38:00,iPhone 17 Pro 256 GB Naranja,950 €,https://es.wallapop.com/item/iphone-17-pro-256-gb-naranja-1219570902,Madrid,iphone 17
1219430753,2026-01-16 10:38:00,iPhone 17 Pro Max 256GB Azul Marino,1000 €,https://es.wallapop.com/item/iphone-17-pro-max-256gb-azul-marino-1219430753,Madrid,iphone 17
1219308908,2026-01-16 10:38:00,iPhone 17 Pro Naranja,1150 €,https://es.wallapop.com/item/iphone-17-pro-naranja-1219308908,Madrid,iphone 17
1219304393,2026-01-16 10:38:00,iPhone 17 Pro Max,1229 €,https://es.wallapop.com/item/iphone-17-pro-max-1219304393,Madrid,iphone 17
1218388432,2026-01-16 10:38:00,iPhone 17 Pro 256GB Plata,1050 €,https://es.wallapop.com/item/iphone-17-pro-256gb-plata-1218388432,Madrid,iphone 17
1219445271,2026-01-16 10:38:00,iPhone 17 Pro Max,1350 €,https://es.wallapop.com/item/iphone-17-pro-max-1219445271,Madrid,iphone 17
1219212392,2026-01-16 10:38:00,iPhone 17 Pro Max Naranja 256GB,1100 €,https://es.wallapop.com/item/iphone-17-pro-max-naranja-256gb-1219212392,Madrid,iphone 17
1219219347,2026-01-16 10:38:00,iPhone 17 blanco.,1000 €,https://es.wallapop.com/item/iphone-17-blanco-1219219347,Madrid,iphone 17
1219338611,2026-01-16 10:38:00,"iPhone 17 Pro Max Azul 256 GB NUEVO , sin abrir",1250 €,https://es.wallapop.com/item/iphone-17-pro-max-azul-256-gb-nuevo-sin-abrir-1219338611,Madrid,iphone 17
1218736376,2026-01-16 10:38:00,Iphone 17 256 GB Negro,825 €,https://es.wallapop.com/item/iphone-17-256-gb-negro-1218736376,Madrid,iphone 17
1218929617,2026-01-16 10:38:00,iPhone 17 blanco precintado,860 €,https://es.wallapop.com/item/iphone-17-blanco-precintado-1218929617,Madrid,iphone 17
1218957642,2026-01-16 10:38:00,iPhone 17 Pro,1139 €,https://es.wallapop.com/item/iphone-17-pro-1218957642,Madrid,iphone 17
1219321928,2026-01-16 10:38:00,iPhone 17 Pro Max 512GB Naranja Sin Abrir,1300 €,https://es.wallapop.com/item/iphone-17-pro-max-512gb-naranja-sin-abrir-1219321928,Madrid,iphone 17
1219050471,2026-01-16 10:38:00,iPhone 17 Pro 256GB Naranja Abierto,1049 €,https://es.wallapop.com/item/iphone-17-pro-256gb-naranja-abierto-1219050471,Madrid,iphone 17
1219060503,2026-01-16 10:38:00,iPhone 17 Pro Max Rosa/Plata,1200 €,https://es.wallapop.com/item/iphone-17-pro-max-rosa-plata-1219060503,Madrid,iphone 17
1218210366,2026-01-16 10:38:00,iPhone 17 Pro Morado Precintado,1150 €,https://es.wallapop.com/item/iphone-17-pro-morado-precintado-1218210366,Madrid,iphone 17
1218715861,2026-01-16 10:38:00,"Se vende iphone 17, completamente nuevo y en caja",925 €,https://es.wallapop.com/item/se-vende-iphone-17-completamente-nuevo-y-en-caja-1218715861,Madrid,iphone 17
1219386670,2026-01-16 10:38:00,iPhone 17 Pro Max 256GB precintado,1300 €,https://es.wallapop.com/item/iphone-17-pro-max-256gb-precintado-1219386670,Madrid,iphone 17
1218689910,2026-01-16 10:38:00,IPHONE 17 PRO MAX 256GB COMO NUEVO=MOVILCENTER=,1189 €,https://es.wallapop.com/item/iphone-17-pro-max-256gb-como-nuevo-movilcenter-1218689910,Madrid,iphone 17
1218578132,2026-01-16 10:38:00,iPhone 17 Pro max Azul Marino,1150 €,https://es.wallapop.com/item/iphone-17-pro-max-azul-marino-1218578132,Madrid,iphone 17
1218388863,2026-01-16 10:38:00,iPhone 17 Pro 256GB,1050 €,https://es.wallapop.com/item/iphone-17-pro-256gb-1218388863,Madrid,iphone 17
1218602463,2026-01-16 10:38:00,iPhone 17 Pro Max 512GB Precintado,1300 €,https://es.wallapop.com/item/iphone-17-pro-max-512gb-precintado-1218602463,Madrid,iphone 17
1219235294,2026-01-16 10:38:00,IPHONE 17 PRO MAX 512GB,1499 €,https://es.wallapop.com/item/iphone-17-pro-max-512gb-1219235294,Madrid,iphone 17
1219276991,2026-01-16 10:38:00,iPhone 17 Air 256GB,850 €,https://es.wallapop.com/item/iphone-17-air-256gb-1219276991,Madrid,iphone 17
1215700494,2026-01-16 10:38:00,IPHONE 17 PRO MAX,1295 €,https://es.wallapop.com/item/iphone-17-pro-max-1215700494,Madrid,iphone 17
1219297286,2026-01-16 10:38:00,iPhone 17 Pro 512GB Naranja Sin Abrir,1350 €,https://es.wallapop.com/item/iphone-17-pro-512gb-naranja-sin-abrir-1219297286,Madrid,iphone 17
1218782317,2026-01-16 10:38:00,PRECINTADO iPhone 17 Pro 1TB,"1479,99 €",https://es.wallapop.com/item/precintado-iphone-17-pro-1tb-1218782317,Madrid,iphone 17
1218679317,2026-01-16 10:38:00,iPhone 17 Pro 256GB Plata,"1149,99 €",https://es.wallapop.com/item/iphone-17-pro-256gb-plata-1218679317,Madrid,iphone 17
1218726176,2026-01-16 10:38:00,iPhone 17 256 GB Negro - nuevo-ofrezco transporte,820 €,https://es.wallapop.com/item/iphone-12-256-gb-negro-1218726176,Madrid,iphone 17
1219580070,2026-01-16 10:38:00,iPhone 17 Pro 512 GB Naranja,1250 €,https://es.wallapop.com/item/iphone-17-pro-512-gb-naranja-1219580070,Madrid,iphone 17
1218956965,2026-01-16 10:38:00,iPhone 17 Pro 256GB Naranja,1100 €,https://es.wallapop.com/item/iphone-17-pro-256gb-naranja-1218956965,Madrid,iphone 17
1219392816,2026-01-16 10:38:00,iPhone 17 Pro,1250 €,https://es.wallapop.com/item/iphone-17-pro-1219392816,Madrid,iphone 17
1218975577,2026-01-16 10:38:01,iPhone 17 Pro Max Azul,1250 €,https://es.wallapop.com/item/iphone-17-pro-max-azul-1218975577,Madrid,iphone 17
1218725101,2026-01-16 10:38:01,iPhone 17 Pro Azul Marino,1200 €,https://es.wallapop.com/item/iphone-17-pro-azul-marino-1218725101,Madrid,iphone 17
1219378405,2026-01-16 10:38:01,iPhone 17 Pro Max - Apple,1300 €,https://es.wallapop.com/item/iphone-17-pro-max-apple-1219378405,Madrid,iphone 17
1218598917,2026-01-16 10:38:01,"iPhone 17 Pro Max Azul, 1TB",1550 €,https://es.wallapop.com/item/iphone-17-pro-max-azul-1tb-1218598917,Madrid,iphone 17
1219468889,2026-01-16 10:38:01,iPhone 17 512GB Verde Nuevo Precintado,969 €,https://es.wallapop.com/item/iphone-17-512gb-verde-nuevo-precintado-1219468889,Madrid,iphone 17
1219400723,2026-01-16 10:38:01,iPhone 17 Pro PRECINTADO,1200 €,https://es.wallapop.com/item/iphone-17-pro-precintado-1219400723,Madrid,iphone 17
1219589322,2026-01-16 10:38:01,iPhone 17 Pro Max Plata,1400 €,https://es.wallapop.com/item/iphone-17-pro-max-plata-1219589322,Madrid,iphone 17
1218948793,2026-01-16 10:38:01,iPhone 17 Pro Max Azul Marino,1299 €,https://es.wallapop.com/item/iphone-17-pro-max-azul-marino-1218948793,Madrid,iphone 17
1218806688,2026-01-16 10:38:01,iPhone 17 A3520 verde salvia,875 €,https://es.wallapop.com/item/iphone-17-a3520-verde-salvia-1218806688,Madrid,iphone 17
1219352781,2026-01-16 10:38:01,iPhone 17 Pro Max 256GB Azul,1250 €,https://es.wallapop.com/item/iphone-17-pro-max-256gb-azul-1219352781,Madrid,iphone 17
1219133278,2026-01-16 10:38:01,iPhone 17 Pro Max Plata,900 €,https://es.wallapop.com/item/iphone-17-pro-max-plata-1219133278,Madrid,iphone 17
1219570772,2026-01-16 10:38:01,iPhone 17 Pro Naranja,1100 €,https://es.wallapop.com/item/iphone-17-pro-naranja-1219570772,Madrid,iphone 17
1217024169,2026-01-16 10:38:01,iPhone air 17,950 €,https://es.wallapop.com/item/iphone-17-1217024169,Madrid,iphone 17
1219504850,2026-01-16 10:38:01,iPhone 17 Pro Max Plata,1450 €,https://es.wallapop.com/item/iphone-17-pro-max-plata-1219504850,Madrid,iphone 17
1219290235,2026-01-16 10:38:01,iPhone 17 Pro Max 256GB Azul Marino Precintado,1150 €,https://es.wallapop.com/item/iphone-17-pro-max-256gb-azul-marino-precintado-1219290235,Madrid,iphone 17
1218959265,2026-01-16 10:38:01,iPhone 17 Pro Max,1239 €,https://es.wallapop.com/item/iphone-17-pro-max-1218959265,Madrid,iphone 17
1219604289,2026-01-16 10:38:01,iPhone 17 Pro,1099 €,https://es.wallapop.com/item/iphone-17-pro-1219604289,Madrid,iphone 17
1219406669,2026-01-16 10:38:01,iPhone 17 Pro Max Azul 2tb,1900 €,https://es.wallapop.com/item/iphone-17-pro-max-azul-1219406669,Madrid,iphone 17
1187519387,2026-01-16 10:38:01,iPhone 17 256GB Lavanda,859 €,https://es.wallapop.com/item/iphone-17-256gb-lavanda-1187519387,Madrid,iphone 17
1219120538,2026-01-16 10:38:01,iPhone 17 Pro Max Naranja,1700 €,https://es.wallapop.com/item/iphone-17-pro-max-naranja-1219120538,Madrid,iphone 17
1218226229,2026-01-16 10:38:01,PRECINTADO! iPhone 17 Pro Max 256gb,"1229,99 €",https://es.wallapop.com/item/precintado-iphone-17-pro-max-256gb-1218226229,Madrid,iphone 17
1218958841,2026-01-16 10:38:01,iPhone 17 Pro Max,1239 €,https://es.wallapop.com/item/iphone-17-pro-max-1218958841,Madrid,iphone 17
1218894554,2026-01-16 10:38:01,iPhone 17 Pro Naranja,1150 €,https://es.wallapop.com/item/iphone-17-pro-naranja-1218894554,Madrid,iphone 17
1218959527,2026-01-16 10:38:01,iPhone 17 Pro Max Dorado/Naranja,1250 €,https://es.wallapop.com/item/iphone-17-pro-max-dorado-naranja-1218959527,Madrid,iphone 17
1219063250,2026-01-16 10:38:01,iPhone 17 Pro Max 256GB PRECINTADO,1239 €,https://es.wallapop.com/item/iphone-17-pro-max-256gb-precintado-1219063250,Madrid,iphone 17
1219071771,2026-01-16 10:38:01,iPhone 17 pro max Naranja,1400 €,https://es.wallapop.com/item/iphone-17-pro-max-naranja-1219071771,Madrid,iphone 17
1218375878,2026-01-16 10:38:01,iPhone 17 Pro Azul Marino,1100 €,https://es.wallapop.com/item/iphone-17-pro-azul-marino-1218375878,Madrid,iphone 17
1215577523,2026-01-16 10:38:01,IPHONE 17 - PRECINTADOS,859 €,https://es.wallapop.com/item/iphone-17-precintados-1215577523,Madrid,iphone 17
1218761041,2026-01-16 10:38:01,iPhone 17 Pro Max Azul,950 €,https://es.wallapop.com/item/iphone-17-pro-max-azul-1218761041,Madrid,iphone 17
1219606002,2026-01-16 10:38:02,iPhone 17 Pro 256GB Plata Precintado,1150 €,https://es.wallapop.com/item/iphone-17-pro-256gb-plata-precintado-1219606002,Madrid,iphone 17
1218946066,2026-01-16 10:38:02,iPhone 17Pro 256GB Plata / No Negociable,1120 €,https://es.wallapop.com/item/iphone-17pro-256gb-plata-no-negociable-1218946066,Madrid,iphone 17
1218776007,2026-01-16 10:38:02,iPhone 17 Pro 256GB Precintado!,1130 €,https://es.wallapop.com/item/iphone-17-pro-256gb-precintado-1218776007,Madrid,iphone 17
1219400723,2026-01-16 10:38:02,iPhone 17 Pro PRECINTADO,1200 €,https://es.wallapop.com/item/iphone-17-pro-precintado-1219400723,Madrid,iphone 17
1219589322,2026-01-16 10:38:02,iPhone 17 Pro Max Plata,1400 €,https://es.wallapop.com/item/iphone-17-pro-max-plata-1219589322,Madrid,iphone 17
1218948793,2026-01-16 10:38:02,iPhone 17 Pro Max Azul Marino,1299 €,https://es.wallapop.com/item/iphone-17-pro-max-azul-marino-1218948793,Madrid,iphone 17
1218806688,2026-01-16 10:38:02,iPhone 17 A3520 verde salvia,875 €,https://es.wallapop.com/item/iphone-17-a3520-verde-salvia-1218806688,Madrid,iphone 17
1219352781,2026-01-16 10:38:02,iPhone 17 Pro Max 256GB Azul,1250 €,https://es.wallapop.com/item/iphone-17-pro-max-256gb-azul-1219352781,Madrid,iphone 17
1219133278,2026-01-16 10:38:02,iPhone 17 Pro Max Plata,900 €,https://es.wallapop.com/item/iphone-17-pro-max-plata-1219133278,Madrid,iphone 17
1219570772,2026-01-16 10:38:02,iPhone 17 Pro Naranja,1100 €,https://es.wallapop.com/item/iphone-17-pro-naranja-1219570772,Madrid,iphone 17
1217024169,2026-01-16 10:38:02,iPhone air 17,950 €,https://es.wallapop.com/item/iphone-17-1217024169,Madrid,iphone 17
1219504850,2026-01-16 10:38:02,iPhone 17 Pro Max Plata,1450 €,https://es.wallapop.com/item/iphone-17-pro-max-plata-1219504850,Madrid,iphone 17
1219290235,2026-01-16 10:38:02,iPhone 17 Pro Max 256GB Azul Marino Precintado,1150 €,https://es.wallapop.com/item/iphone-17-pro-max-256gb-azul-marino-precintado-1219290235,Madrid,iphone 17
1218959265,2026-01-16 10:38:02,iPhone 17 Pro Max,1239 €,https://es.wallapop.com/item/iphone-17-pro-max-1218959265,Madrid,iphone 17
1219604289,2026-01-16 10:38:02,iPhone 17 Pro,1099 €,https://es.wallapop.com/item/iphone-17-pro-1219604289,Madrid,iphone 17
1219406669,2026-01-16 10:38:02,iPhone 17 Pro Max Azul 2tb,1900 €,https://es.wallapop.com/item/iphone-17-pro-max-azul-1219406669,Madrid,iphone 17
1187519387,2026-01-16 10:38:02,iPhone 17 256GB Lavanda,859 €,https://es.wallapop.com/item/iphone-17-256gb-lavanda-1187519387,Madrid,iphone 17
1219120538,2026-01-16 10:38:02,iPhone 17 Pro Max Naranja,1700 €,https://es.wallapop.com/item/iphone-17-pro-max-naranja-1219120538,Madrid,iphone 17
1218226229,2026-01-16 10:38:02,PRECINTADO! iPhone 17 Pro Max 256gb,"1229,99 €",https://es.wallapop.com/item/precintado-iphone-17-pro-max-256gb-1218226229,Madrid,iphone 17
1218958841,2026-01-16 10:38:02,iPhone 17 Pro Max,1239 €,https://es.wallapop.com/item/iphone-17-pro-max-1218958841,Madrid,iphone 17
1218894554,2026-01-16 10:38:02,iPhone 17 Pro Naranja,1150 €,https://es.wallapop.com/item/iphone-17-pro-naranja-1218894554,Madrid,iphone 17
1218959527,2026-01-16 10:38:02,iPhone 17 Pro Max Dorado/Naranja,1250 €,https://es.wallapop.com/item/iphone-17-pro-max-dorado-naranja-1218959527,Madrid,iphone 17
1219063250,2026-01-16 10:38:02,iPhone 17 Pro Max 256GB PRECINTADO,1239 €,https://es.wallapop.com/item/iphone-17-pro-max-256gb-precintado-1219063250,Madrid,iphone 17
1219071771,2026-01-16 10:38:02,iPhone 17 pro max Naranja,1400 €,https://es.wallapop.com/item/iphone-17-pro-max-naranja-1219071771,Madrid,iphone 17
1218375878,2026-01-16 10:38:02,iPhone 17 Pro Azul Marino,1100 €,https://es.wallapop.com/item/iphone-17-pro-azul-marino-1218375878,Madrid,iphone 17
1215577523,2026-01-16 10:38:02,IPHONE 17 - PRECINTADOS,859 €,https://es.wallapop.com/item/iphone-17-precintados-1215577523,Madrid,iphone 17
1218761041,2026-01-16 10:38:02,iPhone 17 Pro Max Azul,950 €,https://es.wallapop.com/item/iphone-17-pro-max-azul-1218761041,Madrid,iphone 17
1219606002,2026-01-16 10:38:02,iPhone 17 Pro 256GB Plata Precintado,1150 €,https://es.wallapop.com/item/iphone-17-pro-256gb-plata-precintado-1219606002,Madrid,iphone 17
1218946066,2026-01-16 10:38:02,iPhone 17Pro 256GB Plata / No Negociable,1120 €,https://es.wallapop.com/item/iphone-17pro-256gb-plata-no-negociable-1218946066,Madrid,iphone 17
1218776007,2026-01-16 10:38:03,iPhone 17 Pro 256GB Precintado!,1130 €,https://es.wallapop.com/item/iphone-17-pro-256gb-precintado-1218776007,Madrid,iphone 17
1219395512,2026-01-16 10:38:03,iPhone 17 Pro Max,1250 €,https://es.wallapop.com/item/iphone-17-pro-max-1219395512,Madrid,iphone 17
1218654518,2026-01-16 10:38:03,"iPhone 17, 256GB Nuevo a estrenar",925 €,https://es.wallapop.com/item/iphone-17-256gb-nuevo-a-estrenar-1218654518,Madrid,iphone 17
1218829697,2026-01-16 10:38:03,iPhone 17 Pro Max Negro/Plateado,950 €,https://es.wallapop.com/item/iphone-17-pro-max-negro-plateado-1218829697,Madrid,iphone 17
1218218892,2026-01-16 10:38:03,IPHONE 17 256GB NUEVO=MOVILCENTER=,859 €,https://es.wallapop.com/item/iphone-17-256gb-nuevo-movilcenter-1218218892,Madrid,iphone 17
1218312311,2026-01-16 10:38:03,iPhone 17 Pro 256GB Azul Marino Sin Abrir,1099 €,https://es.wallapop.com/item/iphone-17-pro-256gb-azul-marino-sin-abrir-1218312311,Madrid,iphone 17
1218988570,2026-01-16 10:38:03,iPhone 17 Pro Max 1TB Naranja,1799 €,https://es.wallapop.com/item/iphone-17-pro-max-1tb-naranja-1218988570,Madrid,iphone 17
1187505118,2026-01-16 10:38:03,iPhone 17 Pro 256GB,1169 €,https://es.wallapop.com/item/iphone-17-pro-256gb-azul-marino-1187505118,Madrid,iphone 17
1218609207,2026-01-16 10:38:03,iPhone 17 Pro Max 512GB Naranja,1400 €,https://es.wallapop.com/item/iphone-17-pro-max-512gb-naranja-1218609207,Madrid,iphone 17
1219404962,2026-01-16 10:38:03,iPhone 17 256GB Negro PRECINTADO SIN ABRIR,900 €,https://es.wallapop.com/item/iphone-17-256gb-negro-precintado-sin-abrir-1219404962,Madrid,iphone 17
1182429341,2026-01-16 10:38:03,iPhone 17 256 GB Blanco,889 €,https://es.wallapop.com/item/iphone-17-256-gb-blanco-1182429341,Madrid,iphone 17
1218460459,2026-01-16 10:38:03,iPhone 17 Pro Max Plata Precio Negociable,1249 €,https://es.wallapop.com/item/iphone-17-pro-max-plata-1218460459,Madrid,iphone 17
1179755185,2026-01-16 10:38:03,IPHONE 17 256GB NUEVO SOLO PROBADO=MOVILCNTER=,789 €,https://es.wallapop.com/item/iphone-17-512gb-nuevo-movilcnter-1179755185,Madrid,iphone 17
1219399497,2026-01-16 10:38:03,iPhone 17 Pro Max 256GB Naranja,1199 €,https://es.wallapop.com/item/iphone-17-pro-max-256gb-naranja-1219399497,Madrid,iphone 17
1187517883,2026-01-16 10:38:03,iPhone 17 256GB Negro,859 €,https://es.wallapop.com/item/iphone-17-256gb-negro-1187517883,Madrid,iphone 17
1218562997,2026-01-16 10:38:03,iPhone 17 pro 512GB,1250 €,https://es.wallapop.com/item/iphone-17-pro-512gb-1218562997,Madrid,iphone 17
1219477051,2026-01-16 10:38:03,iPhone 17 512GB Verde,980 €,https://es.wallapop.com/item/iphone-17-512gb-verde-1219477051,Madrid,iphone 17
1218697450,2026-01-16 10:38:03,iPhone 17 Pro Naranja Comprado el 6 de diciembre,1000 €,https://es.wallapop.com/item/iphone-17-pro-naranja-1218697450,Madrid,iphone 17
1218312796,2026-01-16 10:38:03,iPhone 17 Pro,1175 €,https://es.wallapop.com/item/iphone-17-pro-max-256gb-azul-oscuro-1218312796,Madrid,iphone 17
1219332066,2026-01-16 10:38:03,iPhone 17 Pro Max 512 GB Naranja,1380 €,https://es.wallapop.com/item/iphone-17-pro-max-512-gb-naranja-1219332066,Madrid,iphone 17
1218588236,2026-01-16 10:38:03,iPhone 17 Pro,1149 €,https://es.wallapop.com/item/iphone-17-pro-1218588236,Madrid,iphone 17
1219477877,2026-01-16 10:38:03,iPhone 17 Pro Max 512GB Naranja,1450 €,https://es.wallapop.com/item/iphone-17-pro-max-512gb-naranja-1219477877,Madrid,iphone 17
1218944197,2026-01-16 10:38:03,iPhone 17 Pro 512GB Azul Marino,1350 €,https://es.wallapop.com/item/iphone-17-pro-512gb-azul-marino-1218944197,Madrid,iphone 17
1195733911,2026-01-16 10:38:03,iPhone 17 Pro Max 512GB Azul,1500 €,https://es.wallapop.com/item/iphone-17-pro-max-512gb-azul-1195733911,Madrid,iphone 17
1219395901,2026-01-16 10:38:03,iPhone 17 Pro Max,1250 €,https://es.wallapop.com/item/iphone-17-pro-max-1219395901,Madrid,iphone 17
1219070266,2026-01-16 10:38:03,iPhone 17 Pro Max 256GB PRECINTADO,1240 €,https://es.wallapop.com/item/iphone-17-pro-max-256gb-precintado-1219070266,Madrid,iphone 17
1187516522,2026-01-16 10:38:03,iPhone 17 256GB Azul Niebla,859 €,https://es.wallapop.com/item/iphone-17-256gb-azul-niebla-1187516522,Madrid,iphone 17
1218589342,2026-01-16 10:38:03,iPhone 17 Pro Max NUEVO,1299 €,https://es.wallapop.com/item/iphone-17-pro-max-nuevo-1218589342,Madrid,iphone 17
1187515424,2026-01-16 10:38:03,iPhone 17 256GB Blanco,859 €,https://es.wallapop.com/item/iphone-17-256gb-blanco-1187515424,Madrid,iphone 17
1218121998,2026-01-16 10:38:03,iPhone 17 pro,1149 €,https://es.wallapop.com/item/iphone-17-pro-1218121998,Madrid,iphone 17
1218765548,2026-01-16 10:38:03,iPhone 17 512GB Blanco Nuevo Precintado,949 €,https://es.wallapop.com/item/iphone-17-512gb-blanco-nuevo-precintado-1218765548,Madrid,iphone 17
1218588847,2026-01-16 10:38:04,iPhone 17 Pro Max,1249 €,https://es.wallapop.com/item/iphone-17-pro-max-1218588847,Madrid,iphone 17
1218100420,2026-01-16 10:38:04,iPhone 17 pro 512GB,1250 €,https://es.wallapop.com/item/iphone-15-pro-max-1218100420,Madrid,iphone 17
1217772012,2026-01-16 10:38:04,iPhone 17 Pro 512,1270 €,https://es.wallapop.com/item/iphone-17-pro-512-1217772012,Madrid,iphone 17
1218748776,2026-01-16 10:38:04,iPhone 17 Pro Max 256GB Azul Marino,1210 €,https://es.wallapop.com/item/iphone-17-pro-max-256gb-azul-marino-1218748776,Madrid,iphone 17
1217749166,2026-01-16 10:38:04,PRECINTADO! iPhone 17 Pro Max 256gb,"1219,99 €",https://es.wallapop.com/item/precintado-iphone-17-pro-max-256gb-1217749166,Madrid,iphone 17
1219090701,2026-01-16 10:38:04,iPhone 17 Pro 256GB (100% bateria) plata,1149 €,https://es.wallapop.com/item/iphone-17-pro-256gb-100-bateria-plata-1219090701,Madrid,iphone 17
1219326880,2026-01-16 10:38:04,iPhone 17 Pro Max,1350 €,https://es.wallapop.com/item/iphone-17-pro-max-1219326880,Madrid,iphone 17
1219594580,2026-01-16 10:38:04,iPhone 17 Air NUEVO!,780 €,https://es.wallapop.com/item/iphone-17-air-nuevo-1219594580,Madrid,iphone 17
1217896755,2026-01-16 10:38:04,iPhone 17 Pro,1150 €,https://es.wallapop.com/item/iphone-17-pro-1217896755,Madrid,iphone 17
1218559943,2026-01-16 10:38:04,iPhone 17pro max,1249 €,https://es.wallapop.com/item/iphone-17pro-max-1218559943,Madrid,iphone 17
1218959679,2026-01-16 10:38:04,iPhone 17 Pro Max NUEVO,1289 €,https://es.wallapop.com/item/iphone-17-pro-max-nuevo-1218959679,Madrid,iphone 17
1219159241,2026-01-16 10:38:04,IPhone 17 Pro Max 256GB Azul,1215 €,https://es.wallapop.com/item/iphone-17-pro-max-256gb-azul-1219159241,Madrid,iphone 17
1219042674,2026-01-16 10:38:04,iPhone 17 Pro Max 256GB Precintado,1259 €,https://es.wallapop.com/item/iphone-17-pro-max-256gb-precintado-1219042674,Madrid,iphone 17
1218122683,2026-01-16 10:38:04,iPhone 17 Pro Max,1190 €,https://es.wallapop.com/item/iphone-17-pro-max-1218122683,Madrid,iphone 17
1219195932,2026-01-16 10:38:04,iPhone 17 Pro Max 256GB Plata,1250 €,https://es.wallapop.com/item/iphone-17-pro-max-256gb-plata-1219195932,Madrid,iphone 17
1219237144,2026-01-16 10:38:04,iPhone 17 Pro Max 512GB (Somos tienda)Con garantía,1300 €,https://es.wallapop.com/item/iphone-17-pro-max-512gb-somos-tienda-con-garantia-1219237144,Madrid,iphone 17
1219331213,2026-01-16 10:38:04,iPhone 17 Pro Max 256GB Naranja,1269 €,https://es.wallapop.com/item/iphone-17-pro-max-256gb-naranja-1219331213,Madrid,iphone 17
1218736872,2026-01-16 10:38:04,iPhone 17 Pro Max 256GB/100% bat factura garantía,1249 €,https://es.wallapop.com/item/iphone-17-pro-max-256gb-100-bat-factura-garantia-1218736872,Madrid,iphone 17
1218561932,2026-01-16 10:38:04,iPhone 17 Pro Max,1250 €,https://es.wallapop.com/item/iphone-17-pro-max-1218561932,Madrid,iphone 17
1177153768,2026-01-16 10:38:04,iPHONE 17 256GB NUEVO=MOVILCENTER=,859 €,https://es.wallapop.com/item/iphone-17-256gb-nuevo-movilcenter-1177153768,Madrid,iphone 17
1218232046,2026-01-16 10:38:04,IPHONE 17 512GB NUEVO=MOVILCENTER=,1129 €,https://es.wallapop.com/item/iphone-17-512gb-nuevo-movilcenter-1218232046,Madrid,iphone 17
1219574196,2026-01-16 10:38:04,iPhone 17 Pro de 256gb - Naranja - A estrenar,1080 €,https://es.wallapop.com/item/iphone-17-pro-de-256gb-naranja-a-estrenar-1219574196,Madrid,iphone 17
1219324734,2026-01-16 10:38:04,iPhone 17 Pro Max Naranja,1350 €,https://es.wallapop.com/item/iphone-17-pro-max-naranja-1219324734,Madrid,iphone 17
1218960658,2026-01-16 10:38:04,iPhone 17 pro max,1239 €,https://es.wallapop.com/item/iphone-17-pro-max-1218960658,Madrid,iphone 17
1195022199,2026-01-16 10:38:04,iPhone 17 256GB Precintado,880 €,https://es.wallapop.com/item/iphone-17-256gb-precintado-1195022199,Madrid,iphone 17
1218124729,2026-01-16 10:38:04,iPhone 17 Pro Max Azul,1250 €,https://es.wallapop.com/item/iphone-17-pro-max-azul-1218124729,Madrid,iphone 17
1219570641,2026-01-16 10:38:04,Iphone 17 de 256gb - Black - Nuevo,795 €,https://es.wallapop.com/item/iphone-17-de-256gb-black-nuevo-1219570641,Madrid,iphone 17
1217774110,2026-01-16 10:38:04,iPhone 17 Pro Max,1270 €,https://es.wallapop.com/item/iphone-17-pro-max-1217774110,Madrid,iphone 17
1217780219,2026-01-16 10:38:04,iPhone 17 Pro Max,1250 €,https://es.wallapop.com/item/iphone-17-pro-max-1217780219,Madrid,iphone 17
1219051870,2026-01-16 10:38:04,iPhone 17 Pro 256GB Naranja,1090 €,https://es.wallapop.com/item/iphone-17-pro-256gb-naranja-1219051870,Madrid,iphone 17
1219131739,2026-01-16 10:38:04,iPhone 17 Pro 256 Gb,995 €,https://es.wallapop.com/item/iphone-17-naranja-1219131739,Madrid,iphone 17
1217961881,2026-01-16 10:38:04,iPhone 17 Pro Max,1250 €,https://es.wallapop.com/item/iphone-17-pro-max-1217961881,Madrid,iphone 17
1218123397,2026-01-16 10:38:05,iPhone 17 Pro Max,1250 €,https://es.wallapop.com/item/iphone-17-pro-max-1218123397,Madrid,iphone 17
1217772516,2026-01-16 10:38:05,iPhone 17 Pro Max,1200 €,https://es.wallapop.com/item/iphone-17-pro-max-1217772516,Madrid,iphone 17
1218898021,2026-01-16 10:38:05,iPhone 17 Pro 256GB Azul -E0119253CV-,1149 €,https://es.wallapop.com/item/iphone-17-pro-256gb-azul-e0119253cv-1218898021,Madrid,iphone 17
1218743933,2026-01-16 10:38:05,iPhone 17 Pro Max 512 GB con funda original,1650 €,https://es.wallapop.com/item/iphone-17-pro-max-512-gb-con-funda-original-1218743933,Madrid,iphone 17
1219252080,2026-01-16 10:38:05,MOVIL IPHONE 17 PRO MAX 512GB + CAJA *A ESTRENAR*,"1528,95 €",https://es.wallapop.com/item/movil-iphone-17-pro-max-512gb---caja-a-estrenar-1219252080,Madrid,iphone 17
1219393765,2026-01-16 10:38:05,iPhone 17 Pro Max,1250 €,https://es.wallapop.com/item/iphone-17-pro-max-1219393765,Madrid,iphone 17
1218887774,2026-01-16 10:38:05,IPHONE 17 PRO MAX 256GB AZUL 100% SB AZUL+ FUNDA,"1053,95 €",https://es.wallapop.com/item/iphone-17-pro-max-256gb-azul-100-sb-azul--funda-1218887774,Madrid,iphone 17
1218085219,2026-01-16 10:38:05,iPhone 17 Pro Max Silver,1255 €,https://es.wallapop.com/item/iphone-17-pro-max-silver-1218085219,Madrid,iphone 17
1218736408,2026-01-16 10:38:05,iPhone 17 Pro 256GB/100% bat factura garantía perf,1149 €,https://es.wallapop.com/item/iphone-17-pro-256gb-100-bat-factura-garantia-perf-1218736408,Madrid,iphone 17
1182403198,2026-01-16 10:38:05,iPhone 17 Pro Naranja 512 GB,1460 €,https://es.wallapop.com/item/iphone-17-pro-naranja-512-gb-1182403198,Madrid,iphone 17
1218505814,2026-01-16 10:38:05,IPHONE 17 PRO 256GB NARANJA *A ESTRENAR*,"1123,95 €",https://es.wallapop.com/item/iphone-17-pro-256gb-naranja-a-estrenar-1218505814,Madrid,iphone 17
1207929522,2026-01-16 10:38:05,iPhone 17 Pro 256GB (12 CICLOS CARGA)),1099 €,https://es.wallapop.com/item/iphone-17-pro-256gb-100-bateria-1207929522,Madrid,iphone 17
1219359314,2026-01-16 10:38:05,apple iphone 17 pro max 256gb,1295 €,https://es.wallapop.com/item/apple-iphone-17-pro-max-256gb-1219359314,Madrid,iphone 17
1198615442,2026-01-16 10:38:05,iPhone 17 Pro Max 512GB NUEVO PRECINTADO,1449 €,https://es.wallapop.com/item/iphone-17-pro-max-512gb-nuevo-1198615442,Madrid,iphone 17
1219507787,2026-01-16 10:38:05,apple iphone 17 256gb,859 €,https://es.wallapop.com/item/apple-iphone-17-256gb-1219507787,Madrid,iphone 17
1216716190,2026-01-16 10:38:05,iPhone 17 Pro Max 512GB Azul Marino Precintado,1479 €,https://es.wallapop.com/item/iphone-17-pro-max-512gb-azul-marino-precintado-1216716190,Madrid,iphone 17
1219507795,2026-01-16 10:38:05,apple iphone 17 pro max 256gb,1295 €,https://es.wallapop.com/item/apple-iphone-17-pro-max-256gb-1219507795,Madrid,iphone 17
1218782364,2026-01-16 10:38:05,apple iphone 17 256gb,859 €,https://es.wallapop.com/item/apple-iphone-17-256gb-1218782364,Madrid,iphone 17
1217051182,2026-01-16 10:38:05,iPhone 17 Pro Naranja,1300 €,https://es.wallapop.com/item/iphone-17-pro-naranja-1217051182,Madrid,iphone 17
1216716877,2026-01-16 10:38:05,iPhone 17 Pro Max 512GB Precintado,1479 €,https://es.wallapop.com/item/iphone-17-pro-max-512gb-precintado-1216716877,Madrid,iphone 17
1219078508,2026-01-16 10:38:05,IPHONE 17 PRO 1TB NUEVO PRECINTADO,1599 €,https://es.wallapop.com/item/iphone-17-pro-1tb-nuevo-precintado-1219078508,Madrid,iphone 17
1218371807,2026-01-16 10:38:05,iPhone 17 Pro Max Naranja,1300 €,https://es.wallapop.com/item/iphone-17-pro-max-naranja-1218371807,Madrid,iphone 17
1218383880,2026-01-16 10:38:05,iPhone 17 256GB Blanco,720 €,https://es.wallapop.com/item/iphone-17-256gb-blanco-1218383880,Madrid,iphone 17
1207011027,2026-01-16 10:38:05,IPHONE 17 PRO MAX 256gb NUEVO PRECINTADO,1299 €,https://es.wallapop.com/item/iphone-17-pro-max-1tb-nuevo-1207011027,Madrid,iphone 17
1218426199,2026-01-16 10:38:05,Cover iPhone 17 Pro Max,1120 €,https://es.wallapop.com/item/cover-iphone-17-pro-max-1218426199,Madrid,iphone 17
1218062624,2026-01-16 10:38:05,iPhone 17 Pro Naranja,1100 €,https://es.wallapop.com/item/iphone-17-pro-naranja-1218062624,Madrid,iphone 17
1217356886,2026-01-16 10:38:05,IPHONE 17 PRO MAX 256GB BLANCO 100% BATERIA,"1233,95 €",https://es.wallapop.com/item/iphone-17-pro-max-256gb-blanco-100-bateria-1217356886,Madrid,iphone 17
1218388772,2026-01-16 10:38:05,iPhone 17 Pro Max Azul/Morado,1250 €,https://es.wallapop.com/item/iphone-17-pro-max-azul-morado-1218388772,Madrid,iphone 17
1219468320,2026-01-16 10:38:05,iPhone 17 Pro Max 512GB Naranja Precintado,1449 €,https://es.wallapop.com/item/iphone-17-pro-max-512gb-naranja-precintado-1219468320,Madrid,iphone 17
1218201086,2026-01-16 10:38:05,iPhone 17 Pro Max Plata,1300 €,https://es.wallapop.com/item/iphone-17-pro-max-plata-1218201086,Madrid,iphone 17
1203946326,2026-01-16 10:38:05,iPhone 17 Pro 512GB NUEVO SIN ESTRENAR,1375 €,https://es.wallapop.com/item/iphone-17-pro-512gb-nuevo-1203946326,Madrid,iphone 17
1205478012,2026-01-16 10:38:05,iPhone 17 Pro 512GB (7 ciclos carga),1299 €,https://es.wallapop.com/item/iphone-17-pro-512gb-7-ciclos-carga-1205478012,Madrid,iphone 17
1218204557,2026-01-16 10:38:05,iPhone 17 Pro Max Naranja,1199 €,https://es.wallapop.com/item/iphone-17-pro-max-naranja-1218204557,Madrid,iphone 17
1218292162,2026-01-16 10:38:06,iPhone 17 Air Blanco 256 GB,799 €,https://es.wallapop.com/item/iphone-17-air-blanco-256-gb-1218292162,Madrid,iphone 17
1218040950,2026-01-16 10:38:06,iPhone 17 Pro Azul 256GB,1020 €,https://es.wallapop.com/item/iphone-17-pro-azul-256gb-1218040950,Madrid,iphone 17
1218101657,2026-01-16 10:38:06,iPhone 17 Sage 256GB,789 €,https://es.wallapop.com/item/iphone-17-sage-256gb-1218101657,Madrid,iphone 17
1219303935,2026-01-16 10:38:06,iPhone 17 pro max,1239 €,https://es.wallapop.com/item/iphone-17-pro-max-1219303935,Madrid,iphone 17
1218411380,2026-01-16 10:38:06,iPhone 17 Pro Max Novo c/ Garantia,1350 €,https://es.wallapop.com/item/iphone-17-pro-max-novo-c-garantia-1218411380,Madrid,iphone 17
1218176167,2026-01-16 10:38:06,iPhone 17 256GB Negro Espacial,900 €,https://es.wallapop.com/item/iphone-17-256gb-negro-espacial-1218176167,Madrid,iphone 17
1218230803,2026-01-16 10:38:06,iPhone 17 Pro 1TB Plata,1650 €,https://es.wallapop.com/item/iphone-17-pro-1tb-plata-1218230803,Madrid,iphone 17
1218137584,2026-01-16 10:38:06,iPhone 17 Pro Max Naranja,1230 €,https://es.wallapop.com/item/iphone-17-pro-max-naranja-1218137584,Madrid,iphone 17
1218506016,2026-01-16 10:38:06,iPhone 17 Pro 256GB Naranja Precintado,1130 €,https://es.wallapop.com/item/iphone-17-pro-256gb-naranja-precintado-1218506016,Madrid,iphone 17
1176748721,2026-01-16 10:38:06,iPhone 17 Air 256GB Negro Espacial,899 €,https://es.wallapop.com/item/iphone-17-air-256gb-negro-espacial-1176748721,Madrid,iphone 17
1199348595,2026-01-16 10:38:06,iPhone 17 Pro 256GB NUEVO PRECINTADO,1149 €,https://es.wallapop.com/item/iphone-17-pro-256gb-precintado-1199348595,Madrid,iphone 17
1218314639,2026-01-16 10:38:06,iPhone 17 Pro 256 GB Azul,1099 €,https://es.wallapop.com/item/iphone-17-pro-256-gb-azul-1218314639,Madrid,iphone 17
1218346500,2026-01-16 10:38:06,iPhone 17 Pro 256GB Naranja Precintado,1050 €,https://es.wallapop.com/item/iphone-17-pro-256gb-naranja-precintado-1218346500,Madrid,iphone 17
1202064374,2026-01-16 10:38:06,iPhone 17 Pro Max 512GB Azul,1550 €,https://es.wallapop.com/item/iphone-17-pro-max-512gb-azul-1202064374,Madrid,iphone 17
1180972814,2026-01-16 10:38:06,iPhone 17 Pro 512GB Azul Oscuro,1399 €,https://es.wallapop.com/item/iphone-17-pro-512gb-azul-1180972814,Madrid,iphone 17
1179435989,2026-01-16 10:38:06,iPhone 17 Pro Max 512GB Plata,1580 €,https://es.wallapop.com/item/iphone-17-pro-max-512gb-plata-1179435989,Madrid,iphone 17
1178225852,2026-01-16 10:38:06,iPhone 17 Pro Azul Oscuro 256GB,1189 €,https://es.wallapop.com/item/iphone-17-pro-azul-profundo-256gb-1178225852,Madrid,iphone 17
1219400320,2026-01-16 10:38:06,iPhone 17 Pro Max PRECINTADO,1300 €,https://es.wallapop.com/item/iphone-17-pro-max-precintado-1219400320,Madrid,iphone 17
1217085132,2026-01-16 10:38:06,iPhone 17 Pro Max Plata 256GB,1280 €,https://es.wallapop.com/item/iphone-17-pro-max-plata-1217085132,Madrid,iphone 17
1218448991,2026-01-16 10:38:06,iPhone 17 Pro Max Plata Precio Negociable,1299 €,https://es.wallapop.com/item/iphone-17-pro-max-plata-1218448991,Madrid,iphone 17
1217919145,2026-01-16 10:38:06,iPhone 17 Air Blanco,750 €,https://es.wallapop.com/item/iphone-17-air-blanco-1217919145,Madrid,iphone 17
1218263035,2026-01-16 10:38:06,iPhone 17 negro nuevo a estrenar.,850 €,https://es.wallapop.com/item/iphone-17-negro-nuevo-a-estrenar-1218263035,Madrid,iphone 17
1218225148,2026-01-16 10:38:06,IPHONE 17 256GB (14 ciclos carga),849 €,https://es.wallapop.com/item/iphone-17-256gb-14-ciclos-carga-1218225148,Madrid,iphone 17
1206687149,2026-01-16 10:38:06,iPhone 17 Pro Max 256GB (35 ciclos Y 100% BATERIA),1249 €,https://es.wallapop.com/item/iphone-17-pro-max-256gb-nuevo-1206687149,Madrid,iphone 17
1217490879,2026-01-16 10:38:06,iPhone 17 Pro Max,1280 €,https://es.wallapop.com/item/iphone-17-pro-max-1217490879,Madrid,iphone 17
1217776146,2026-01-16 10:38:06,iPhone 17 Pro Plata,1319 €,https://es.wallapop.com/item/iphone-17-pro-plata-1217776146,Madrid,iphone 17
1217464890,2026-01-16 10:38:06,iPhone 17 Pro Max,1190 €,https://es.wallapop.com/item/iphone-17-pro-max-1217464890,Madrid,iphone 17
1218221118,2026-01-16 10:38:06,iPhone 17 Pro 512GB Azul Caja Cerrada,1300 €,https://es.wallapop.com/item/iphone-17-max-512gb-azul-caja-cerrada-1218221118,Madrid,iphone 17
1178970052,2026-01-16 10:38:06,iPhone 17 Pro Max 512GB Naranja Cósmico,1640 €,https://es.wallapop.com/item/iphone-17-pro-max-512gb-naranja-cosmico-1178970052,Madrid,iphone 17
1208072127,2026-01-16 10:38:06,iPhone 17 256gb Nuevo Sin Abrir,859 €,https://es.wallapop.com/item/iphone-16-128gb-nuevo-sin-abrir-1208072127,Madrid,iphone 17
1202354847,2026-01-16 10:38:06,iPhone 17 Pro Max 256GB NUEVO,1299 €,https://es.wallapop.com/item/iphone-17-pro-max-512gb-nuevo-1202354847,Madrid,iphone 17
1218515599,2026-01-16 10:38:06,iPhone 17 Pro Max 256GB Azul Marino,1250 €,https://es.wallapop.com/item/iphone-17-pro-max-256gb-azul-marino-1218515599,Madrid,iphone 17
1217816322,2026-01-16 10:38:06,iPhone 17 Pro azulado Precintado,1150 €,https://es.wallapop.com/item/iphone-17-pro-azulado-precintado-1217816322,Madrid,iphone 17
1179750917,2026-01-16 10:38:07,IPHONE 17 256GB NUEVO=MOVILCENTER=,879 €,https://es.wallapop.com/item/iphone-17-256gb-nuevo-movilcenter-1179750917,Madrid,iphone 17
1177139842,2026-01-16 10:38:07,iPhone 17 Pro Max 256 GB Azul,1250 €,https://es.wallapop.com/item/iphone-17-pro-max-256-gb-azul-1177139842,Madrid,iphone 17
1219217683,2026-01-16 10:38:07,iPhone 17 Pro Max 256GB Azul Marino,1190 €,https://es.wallapop.com/item/iphone-17-pro-max-256gb-azul-marino-1219217683,Madrid,iphone 17
1218317662,2026-01-16 10:38:07,IPHONE 17 PRO MAX 512GB SILVER *A ESTRENAR*,"1603,95 €",https://es.wallapop.com/item/iphone-17-pro-max-512gb-silver-a-estrenar-1218317662,Madrid,iphone 17
1215455221,2026-01-16 10:38:07,apple iphone 17 pro 256gb,1119 €,https://es.wallapop.com/item/apple-iphone-17-pro-256gb-1215455221,Madrid,iphone 17
1217992156,2026-01-16 10:38:07,iPhone 17 256GB Gris Nuevo,849 €,https://es.wallapop.com/item/iphone-17-256gb-gris-nuevo-1217992156,Madrid,iphone 17
1218223133,2026-01-16 10:38:07,iPhone 17 Pro Max 256GB Naranja Nuevo,1300 €,https://es.wallapop.com/item/iphone-17-pro-max-256gb-naranja-nuevo-1218223133,Madrid,iphone 17
1218719410,2026-01-16 10:38:07,Samsung Z Fold 7 cambia iPhone 17 Pro Max 512,1200 €,https://es.wallapop.com/item/samsung-z-fold-7-cambia-iphone-17-pro-max-512-1218719410,Madrid,iphone 17
1202135207,2026-01-16 10:38:07,IPHONE 17 PRO 512GB NARANJA NUEVO,1349 €,https://es.wallapop.com/item/iphone-17-pro-512gb-naranja-1202135207,Madrid,iphone 17
1203942952,2026-01-16 10:38:07,iPhone 17 Pro 256GB Naranja Nuevo,1149 €,https://es.wallapop.com/item/iphone-17-pro-256gb-naranja-nuevo-1203942952,Madrid,iphone 17
1217832538,2026-01-16 10:38:07,iPhone 17 Pro Max Azul,1300 €,https://es.wallapop.com/item/iphone-17-pro-max-azul-1217832538,Madrid,iphone 17
1218172764,2026-01-16 10:38:07,"iPhone 17 Pro Max Naranja-100% bateria, garantia",1270 €,https://es.wallapop.com/item/iphone-17-pro-max-naranja-100-bateria-garantia-1218172764,Madrid,iphone 17
1217463852,2026-01-16 10:38:07,iPhone 17 Azul Marino,1250 €,https://es.wallapop.com/item/iphone-17-azul-marino-1217463852,Madrid,iphone 17
1218022017,2026-01-16 10:38:07,apple iphone 17 pro 256gb,1119 €,https://es.wallapop.com/item/apple-iphone-17-pro-256gb-1218022017,Madrid,iphone 17
1218215972,2026-01-16 10:38:07,iPhone 17 Pro MAX 256GB Naranja. (Caja Precintado),1200 €,https://es.wallapop.com/item/iphone-17-pro-max-256gb-naranja-caja-precintado-1218215972,Madrid,iphone 17
1218108285,2026-01-16 10:38:07,iPhone 17 Pro Max 256GB Azul e-sim,1300 €,https://es.wallapop.com/item/iphone-17-pro-max-256gb-azul-e-sim-1218108285,Madrid,iphone 17
1185181330,2026-01-16 10:38:07,iPhone 17 Pro Max 256GB Plata,1250 €,https://es.wallapop.com/item/iphone-17-pro-max-256gb-plata-1185181330,Madrid,iphone 17
1218013923,2026-01-16 10:38:07,iPhone 17 Pro Max 256GB Precintado,1150 €,https://es.wallapop.com/item/iphone-17-pro-max-256gb-precintado-1218013923,Madrid,iphone 17
1217743264,2026-01-16 10:38:07,iPhone 17 Pro Azul 256GB,1000 €,https://es.wallapop.com/item/iphone-17-pro-azul-256gb-1217743264,Madrid,iphone 17
1177482826,2026-01-16 10:38:07,iPhone 17 Pro Naranja 256 GB,1170 €,https://es.wallapop.com/item/iphone-17-pro-naranja-256-gb-1177482826,Madrid,iphone 17
1219570164,2026-01-16 10:38:07,iPhone 17 Pro de 256gb - Color Blue - A estrenar,1080 €,https://es.wallapop.com/item/iphone-17-pro-de-256gb-color-blue-a-estrenar-1219570164,Madrid,iphone 17
1218090254,2026-01-16 10:38:07,iPhone 17 Pro Max Plata (NO REGATEOS),1200 €,https://es.wallapop.com/item/iphone-17-pro-max-plata-1218090254,Madrid,iphone 17
1217508256,2026-01-16 10:38:07,iPhone 17 Pro azulado Precintado,1100 €,https://es.wallapop.com/item/iphone-17-pro-azulado-precintado-1217508256,Madrid,iphone 17
1217883020,2026-01-16 10:38:07,iPhone 17 Pro Max 256 GB Azul,1300 €,https://es.wallapop.com/item/iphone-17-pro-max-256-gb-azul-1217883020,Madrid,iphone 17
1185339628,2026-01-16 10:38:07,iPhone 17 256GB Azul Precintado,890 €,https://es.wallapop.com/item/iphone-17-512gb-azul-precintado-1185339628,Madrid,iphone 17
1218979702,2026-01-16 10:38:07,iPhone 17 Pro Max 256GB Naranja Seminuevo,1255 €,https://es.wallapop.com/item/iphone-17-pro-max-256gb-naranja-seminuevo-1218979702,Madrid,iphone 17
1217901387,2026-01-16 10:38:07,iPhone 17 Pro 256 GB Azul Oscuro,1100 €,https://es.wallapop.com/item/iphone-17-pro-256-gb-azul-oscuro-1217901387,Madrid,iphone 17
1217881734,2026-01-16 10:38:07,iPhone 17 Pro Azul Nuevo,1125 €,https://es.wallapop.com/item/iphone-14-pro-azul-nuevo-1217881734,Madrid,iphone 17
1218643034,2026-01-16 10:38:08,iPhone Air 17 256GB Dorado Nuevo en Caja sellada.,850 €,https://es.wallapop.com/item/iphone-air-17-256gb-dorado-nuevo-en-caja-sellada-1218643034,Madrid,iphone 17
1217424604,2026-01-16 10:38:08,iPhone 17 Pro Azul Nuevo,1100 €,https://es.wallapop.com/item/iphone-17-pro-azul-nuevo-1217424604,Madrid,iphone 17
1217504677,2026-01-16 10:38:08,iPhone 17 pro 512GB de almacenamiento,1250 €,https://es.wallapop.com/item/iphone-17-pro-512gb-de-almacenamiento-1217504677,Madrid,iphone 17
1212982720,2026-01-16 10:38:08,IPHONE 17 PRO MAX - PRECINTADOS,1299 €,https://es.wallapop.com/item/iphone-17-pro-max-precintados-1212982720,Madrid,iphone 17
1217422055,2026-01-16 10:38:08,iPhone 17 256GB Blanco,875 €,https://es.wallapop.com/item/iphone-17-256gb-blanco-1217422055,Madrid,iphone 17
1217484325,2026-01-16 10:38:08,iPhone 17 Pro azul precintado,1100 €,https://es.wallapop.com/item/iphone-17-pro-azul-precintado-1217484325,Madrid,iphone 17
1217521580,2026-01-16 10:38:08,iPhone 17 Pro 256 GB nuevo,1100 €,https://es.wallapop.com/item/iphone-17-pro-256-gb-nuevo-1217521580,Madrid,iphone 17
1212713721,2026-01-16 10:38:08,iPhone 17 Pro 256GB Azul Precintado,1150 €,https://es.wallapop.com/item/iphone-17-pro-max-256gb-azul-precintado-1212713721,Madrid,iphone 17
1217417128,2026-01-16 10:38:08,iPhone 17 Pro Max Naranja Sellado,1300 €,https://es.wallapop.com/item/iphone-17-pro-max-naranja-sellado-1217417128,Madrid,iphone 17
1217632272,2026-01-16 10:38:08,iPhone 17 Pro Max 512GB Naranja,1450 €,https://es.wallapop.com/item/iphone-17-pro-max-512gb-naranja-1217632272,Madrid,iphone 17
1217242576,2026-01-16 10:38:08,iPhone 17 256gb Negro Precintado,850 €,https://es.wallapop.com/item/iphone-17-256gb-negro-1217242576,Madrid,iphone 17
1193790724,2026-01-16 10:38:08,iPhone 17 Pro 256GB Naranja Precintado,1175 €,https://es.wallapop.com/item/iphone-17-pro-256gb-naranja-precintado-1193790724,Madrid,iphone 17
1217471278,2026-01-16 10:38:08,iPhone 17 Pro 256GB Naranja Precintado,1150 €,https://es.wallapop.com/item/iphone-17-pro-256gb-naranja-precintado-1217471278,Madrid,iphone 17
1217209973,2026-01-16 10:38:08,iPhone 17 Pro Max 256GB,1235 €,https://es.wallapop.com/item/iphone-17-pro-max-256gb-1217209973,Madrid,iphone 17
1217182004,2026-01-16 10:38:08,iPhone 17 Pro Max,"1249,99 €",https://es.wallapop.com/item/iphone-17-pro-max-1217182004,Madrid,iphone 17
1217621844,2026-01-16 10:38:08,apple iphone 17 pro 512gb,1295 €,https://es.wallapop.com/item/apple-iphone-17-pro-512gb-1217621844,Madrid,iphone 17
1218153897,2026-01-16 10:38:08,iPhone 17 Pro 256GB Azul nuevo a estrenar factura,1099 €,https://es.wallapop.com/item/iphone-17-pro-256gb-azul-nuevo-a-estrenar-factura-1218153897,Madrid,iphone 17
1217204332,2026-01-16 10:38:08,iPhone 17 256GB Negro sin abrir,900 €,https://es.wallapop.com/item/iphone-17-256gb-negro-1217204332,Madrid,iphone 17
1176838699,2026-01-16 10:38:08,IPHONE 17 PRO - PRECINTADOS,1179 €,https://es.wallapop.com/item/iphone-17-pro-precintados-1176838699,Madrid,iphone 17
1205106544,2026-01-16 10:38:08,iPhone 17 Pro Max 256GB,1299 €,https://es.wallapop.com/item/iphone-17-pro-max-256gb-1205106544,Madrid,iphone 17
1217131853,2026-01-16 10:38:08,iPhone 17 Pro Naranja Precintado,1200 €,https://es.wallapop.com/item/iphone-17-pro-max-naranja-precintado-1217131853,Madrid,iphone 17
1217401502,2026-01-16 10:38:08,iPhone 17 Pro 512GB Azul,1330 €,https://es.wallapop.com/item/iphone-17-pro-512gb-azul-1217401502,Madrid,iphone 17
1219280082,2026-01-16 10:38:08,IPHONE 17 256GB GRIS NUEVO,859 €,https://es.wallapop.com/item/iphone-17-256gb-gris-nuevo-1219280082,Madrid,iphone 17
1217398892,2026-01-16 10:38:08,iPhone 17 Pro 512GB Naranja,1299 €,https://es.wallapop.com/item/iphone-17-pro-512gb-naranja-1217398892,Madrid,iphone 17
1217430497,2026-01-16 10:38:08,iPhone 17 Pro Cosmic Orange 512GB,1400 €,https://es.wallapop.com/item/iphone-17-pro-cosmic-orange-512gb-1217430497,Madrid,iphone 17
1216809365,2026-01-16 10:38:08,iPhone 17 Pro 512GB,1249 €,https://es.wallapop.com/item/iphone-17-pro-512gb-1216809365,Madrid,iphone 17
1217885308,2026-01-16 10:38:09,iPhone 17 Pro Max 512Gb Naranja,1349 €,https://es.wallapop.com/item/iphone-17-pro-max-512gb-naranja-1217885308,Madrid,iphone 17
1192009886,2026-01-16 10:38:09,IPHONE 17 PRO MAX 256GB NUEVO=MOVILCENTER=,1289 €,https://es.wallapop.com/item/iphone-16-pro-max-256gb-solo-probado-movilcenter-1192009886,Madrid,iphone 17
1217217281,2026-01-16 10:38:09,iPhone 17 Negro 256 GB,840 €,https://es.wallapop.com/item/iphone-17-negro-256-gb-1217217281,Madrid,iphone 17
1216705866,2026-01-16 10:38:09,iPhone 17 Pro,1240 €,https://es.wallapop.com/item/iphone-17-pro-1216705866,Madrid,iphone 17
1192423320,2026-01-16 10:38:09,IPHONE 17 512GB NUEVO =MOVILCENTER=,1129 €,https://es.wallapop.com/item/iphone-17-256gb-nuevo-movilcenter-1192423320,Madrid,iphone 17
1216685005,2026-01-16 10:38:09,iPhone 17 Pro 512GB,1250 €,https://es.wallapop.com/item/iphone-17-pro-512gb-1216685005,Madrid,iphone 17
1216945129,2026-01-16 10:38:09,iPhone 17 Pro Naranja,1090 €,https://es.wallapop.com/item/iphone-17-pro-naranja-1216945129,Madrid,iphone 17
1217612374,2026-01-16 10:38:09,iPhone 17 Pro Max Azul Marino 512GB,1600 €,https://es.wallapop.com/item/iphone-17-pro-max-azul-marino-512gb-1217612374,Madrid,iphone 17
1217468391,2026-01-16 10:38:09,iPhone 17 Pro Max Naranja,900 €,https://es.wallapop.com/item/iphone-17-pro-max-naranja-1217468391,Madrid,iphone 17
1217049567,2026-01-16 10:38:09,iPhone 17 Pro Azul Precintado,1200 €,https://es.wallapop.com/item/iphone-17-pro-azul-precintado-1217049567,Madrid,iphone 17
1217531209,2026-01-16 10:38:09,iPhone 17 Pro Max 256GB Naranja,1200 €,https://es.wallapop.com/item/iphone-17-pro-max-256gb-naranja-1217531209,Madrid,iphone 17
1201789409,2026-01-16 10:38:09,iPhone 17 Pro 512GB Azul Nuevo,1375 €,https://es.wallapop.com/item/iphone-17-pro-512gb-azul-nuevo-1201789409,Madrid,iphone 17
1217872647,2026-01-16 10:38:09,iPhone 17 Pro 256GB Azul Nuevo,1150 €,https://es.wallapop.com/item/iphone-17-pro-256gb-azul-nuevo-1217872647,Madrid,iphone 17
1217411282,2026-01-16 10:38:09,iPhone 17 Pro Max PRECINTADO,1269 €,https://es.wallapop.com/item/iphone-17-pro-max-precintado-1217411282,Madrid,iphone 17
1215455238,2026-01-16 10:38:09,apple iphone 17 256gb,859 €,https://es.wallapop.com/item/apple-iphone-17-256gb-1215455238,Madrid,iphone 17
1199219081,2026-01-16 10:38:09,IPHONE 17 PRO 256GB (22 ciclos carga) AZUL IMPECAB,1099 €,https://es.wallapop.com/item/iphone-17-pro-256gb-azul-morado-nuevoiphone-17-pro-1199219081,Madrid,iphone 17
1216822947,2026-01-16 10:38:09,iPhone 17 Verde 256GB,860 €,https://es.wallapop.com/item/iphone-12-verde-256gb-1216822947,Madrid,iphone 17
1217003334,2026-01-16 10:38:09,iPhone 17 PRO Naranja,1150 €,https://es.wallapop.com/item/iphone-17-pro-naranja-1217003334,Madrid,iphone 17
1205031639,2026-01-16 10:38:09,iPhone 17 Pro Max 256GB Azul Marino Precintados,1290 €,https://es.wallapop.com/item/iphone-17-pro-max-512gb-azul-marino-precintados-1205031639,Madrid,iphone 17
1217481878,2026-01-16 10:38:09,apple iphone 17 pro max 512gb,1479 €,https://es.wallapop.com/item/apple-iphone-17-pro-max-512gb-1217481878,Madrid,iphone 17
1182026977,2026-01-16 10:38:09,iPhone 17 Pro Max 256 GB Naranja Cósmico,1250 €,https://es.wallapop.com/item/iphone-17-pro-max-256-gb-naranja-cosmico-1182026977,Madrid,iphone 17
1211878648,2026-01-16 10:38:09,iPhone 17 256GB Azul,875 €,https://es.wallapop.com/item/iphone-14-256gb-azul-1211878648,Madrid,iphone 17
1217780648,2026-01-16 10:38:09,iPhone Azul Marino 17 pro max,900 €,https://es.wallapop.com/item/iphone-azul-marino-17-pro-max-1217780648,Madrid,iphone 17
1217079680,2026-01-16 10:38:09,iPhone 17 Pro 256GB PRECINTADOS,1169 €,https://es.wallapop.com/item/iphone-17-pro-256gb-precintados-1217079680,Madrid,iphone 17
1176793464,2026-01-16 10:38:10,iPhone 17 Pro Plata 256 GB,1189 €,https://es.wallapop.com/item/iphone-17-pro-plata-256-gb-1176793464,Madrid,iphone 17
1217153992,2026-01-16 10:38:10,iPhone 17 Lavanda 256GB Nuevo sin abrir precintado,820 €,https://es.wallapop.com/item/iphone-17-lavanda-256gb-nuevo-sin-abrir-precintado-1217153992,Madrid,iphone 17
1217566362,2026-01-16 10:38:10,iPhone 17 Pro Max Azul nuevo con Factura,1250 €,https://es.wallapop.com/item/iphone-17-pro-max-azul-nuevo-con-factura-1217566362,Madrid,iphone 17
1176773334,2026-01-16 10:38:10,iPhone 17 256GB Lavanda,899 €,https://es.wallapop.com/item/iphone-17-256gb-lavanda-1176773334,Madrid,iphone 17
1216861841,2026-01-16 10:38:10,apple iphone 17 256gb,859 €,https://es.wallapop.com/item/apple-iphone-17-256gb-1216861841,Madrid,iphone 17
1216859891,2026-01-16 10:38:10,apple iphone 17 256gb,859 €,https://es.wallapop.com/item/apple-iphone-17-256gb-1216859891,Madrid,iphone 17
1216792348,2026-01-16 10:38:10,iPhone 17 Air 256GB /Azul nuevo factura garantia,1049 €,https://es.wallapop.com/item/iphone-17-air-256gb-azul-nuevo-factura-garantia-1216792348,Madrid,iphone 17
1216744505,2026-01-16 10:38:10,iPhone 17 Pro Max Plata,1250 €,https://es.wallapop.com/item/iphone-17-pro-max-plata-1216744505,Madrid,iphone 17
1216938447,2026-01-16 10:38:10,iPhone 17 Pro Max Naranja,1000 €,https://es.wallapop.com/item/iphone-17-pro-max-naranja-1216938447,Madrid,iphone 17
1218911101,2026-01-16 10:38:10,iPhone 17 Pro Max 512GB Dorado/Naranja,1449 €,https://es.wallapop.com/item/iphone-17-pro-max-512gb-dorado-naranja-1218911101,Madrid,iphone 17
1217079501,2026-01-16 10:38:10,iPhone 17 Pro 256GB Naranja PRECINTADO,1169 €,https://es.wallapop.com/item/iphone-17-pro-256gb-naranja-precintado-1217079501,Madrid,iphone 17
1217434532,2026-01-16 10:38:10,iPhone 17 Pro Max 512GB Azul,1550 €,https://es.wallapop.com/item/iphone-17-pro-max-512gb-azul-1217434532,Madrid,iphone 17
1217361556,2026-01-16 10:38:10,iPhone 17 Pro Max 256GB Azul,1200 €,https://es.wallapop.com/item/iphone-17-pro-max-256gb-azul-1217361556,Madrid,iphone 17
1176771498,2026-01-16 10:38:10,iPhone 17 256 GB Negro,899 €,https://es.wallapop.com/item/iphone-17-negro-256-gb-1176771498,Madrid,iphone 17
1215937495,2026-01-16 10:38:10,iPhone 17 Azul,900 €,https://es.wallapop.com/item/iphone-17-azul-1215937495,Madrid,iphone 17
1216781386,2026-01-16 10:38:10,iPhone 17 Pro 512GB Azul,1300 €,https://es.wallapop.com/item/iphone-17-pro-512gb-azul-1216781386,Madrid,iphone 17
1215623804,2026-01-16 10:38:10,iPhone 17 Pro 1TB Azul Marino,1610 €,https://es.wallapop.com/item/iphone-17-pro-1tb-azul-marino-1215623804,Madrid,iphone 17
1216910906,2026-01-16 10:38:10,iPhone 17 256GB Blanco Nuevo Caja Cerrada.,848 €,https://es.wallapop.com/item/iphone-17-256gb-blanco-nuevo-caja-cerrada-1216910906,Madrid,iphone 17
1216734808,2026-01-16 10:38:10,iPhone 17 Pro Max 256GB Naranja Cósmico,1295 €,https://es.wallapop.com/item/iphone-17-pro-max-256gb-naranja-cosmico-1216734808,Madrid,iphone 17
1216126090,2026-01-16 10:38:10,iPhone 17 Azul,800 €,https://es.wallapop.com/item/iphone-14-azul-1216126090,Madrid,iphone 17
1218632174,2026-01-16 10:38:10,iPhone 17 Pro Max 256GB Azul Marino,1250 €,https://es.wallapop.com/item/iphone-17-pro-max-256gb-azul-marino-1218632174,Madrid,iphone 17
1216441289,2026-01-16 10:38:10,iPhone 17 256 GB Gris,820 €,https://es.wallapop.com/item/iphone-17-256-gb-gris-1216441289,Madrid,iphone 17
1217395758,2026-01-16 10:38:10,IPHONE 17 PRO MAX 512GB AZUL PRECINTADO.,1399 €,https://es.wallapop.com/item/iphone-17-pro-max-512gb-azul-precintado-1217395758,Madrid,iphone 17
1217142475,2026-01-16 10:38:10,iPhone 17 Pro MAX 2TB,1700 €,https://es.wallapop.com/item/iphone-17-pro-max-2tb-1217142475,Madrid,iphone 17
1217083940,2026-01-16 10:38:10,iPhone 17 Pro 256GB Azul Marino Precintado,1169 €,https://es.wallapop.com/item/iphone-17-pro-256gb-azul-marino-precintado-1217083940,Madrid,iphone 17
1216687322,2026-01-16 10:38:10,iPhone 17 256GB Negro a estrenar,820 €,https://es.wallapop.com/item/iphone-17-256gb-negro-nuevo-1216687322,Madrid,iphone 17
1216566689,2026-01-16 10:38:10,iPhone 17 Pro Max 512GB Naranja,1479 €,https://es.wallapop.com/item/iphone-17-pro-max-512gb-naranja-1216566689,Madrid,iphone 17
1215779916,2026-01-16 10:38:11,iPhone 17 azul,850 €,https://es.wallapop.com/item/iphone-17-azul-1215779916,Madrid,iphone 17
1217168065,2026-01-16 10:38:11,iPhone 17 Pro Max - 512 GB,1400 €,https://es.wallapop.com/item/iphone-17-pro-max-512-gb-1217168065,Madrid,iphone 17
1179057287,2026-01-16 10:38:11,IPHONE 17 PRO 512GB NUEVO =MOVILCENTER,1369 €,https://es.wallapop.com/item/iphone-17-pro-1tb-nuevo-movilcenter-1179057287,Madrid,iphone 17
1216300081,2026-01-16 10:38:11,iPhone 17 Pro 512 GB,1300 €,https://es.wallapop.com/item/iphone-17-pro-512-gb-1216300081,Madrid,iphone 17
1214530770,2026-01-16 10:38:11,iPhone 17 Pro 512GB Plata Nuevo precintado,1375 €,https://es.wallapop.com/item/iphone-17-pro-512gb-plata-nuevo-precintado-1214530770,Madrid,iphone 17
1216898695,2026-01-16 10:38:11,iPhone 17 Pro – 256 GB – Nuevo y Precintado,1140 €,https://es.wallapop.com/item/iphone-17-pro-256-gb-nuevo-y-precintado-1216898695,Madrid,iphone 17
1216650414,2026-01-16 10:38:11,Iphone 17 pro 256gb,1100 €,https://es.wallapop.com/item/iphone-17-pro-256gb-1216650414,Madrid,iphone 17
1215450396,2026-01-16 10:38:11,apple iphone 17 pro max 256gb,1295 €,https://es.wallapop.com/item/apple-iphone-17-pro-max-256gb-1215450396,Madrid,iphone 17
1216258816,2026-01-16 10:38:11,iPhone 17 Pro Max Morado,1300 €,https://es.wallapop.com/item/iphone-17-pro-max-morado-1216258816,Madrid,iphone 17
1215619069,2026-01-16 10:38:11,"iPhone 17 Pro Max 512GB Azul, NUEVO, SIN ABRIR!",1500 €,https://es.wallapop.com/item/iphone-17-pro-max-512gb-azul-nuevo-sin-abrir-1215619069,Madrid,iphone 17
1217483516,2026-01-16 10:38:11,iPhone 17 Pro 6.3 256GB Azul 3 Cámaras,1149 €,https://es.wallapop.com/item/iphone-17-pro-6-3-256gb-azul-3-camaras-1217483516,Madrid,iphone 17
1179732196,2026-01-16 10:38:11,iPhone 17 Pro Naranja Cósmico 256 GB,1170 €,https://es.wallapop.com/item/iphone-17-pro-naranja-cosmico-256-gb-1179732196,Madrid,iphone 17
1216502262,2026-01-16 10:38:11,apple iphone 17 256gb,859 €,https://es.wallapop.com/item/apple-iphone-17-256gb-1216502262,Madrid,iphone 17
1216865103,2026-01-16 10:38:11,apple iphone 17 pro max 256gb,1295 €,https://es.wallapop.com/item/apple-iphone-17-pro-max-256gb-1216865103,Madrid,iphone 17
1216865029,2026-01-16 10:38:11,apple iphone 17 pro max 256gb,1295 €,https://es.wallapop.com/item/apple-iphone-17-pro-max-256gb-1216865029,Madrid,iphone 17
1216861599,2026-01-16 10:38:11,apple iphone 17 pro max 512gb,1479 €,https://es.wallapop.com/item/apple-iphone-17-pro-max-512gb-1216861599,Madrid,iphone 17
1215914220,2026-01-16 10:38:11,iPhone 17 Pro Max,1150 €,https://es.wallapop.com/item/iphone-17-pro-max-1215914220,Madrid,iphone 17
1216835941,2026-01-16 10:38:11,IPHONE 17 Pro Max 256GB Azul Oscuro,1350 €,https://es.wallapop.com/item/iphone-17-pro-max-256gb-azul-oscuro-1216835941,Madrid,iphone 17
1216637996,2026-01-16 10:38:11,iPhone 17 Pro 256GB Azul Precintado,1169 €,https://es.wallapop.com/item/iphone-17-pro-256gb-azul-precintado-1216637996,Madrid,iphone 17
1211688123,2026-01-16 10:38:11,iPhone 17 Pro 512GB Azul Nuevo Caja Desprecintada,1349 €,https://es.wallapop.com/item/iphone-17-pro-512gb-azul-nuevo-caja-desprecintada-1211688123,Madrid,iphone 17
1216257322,2026-01-16 10:38:12,iPhone 17 Pro 256GB/100% bat factura garantía,1169 €,https://es.wallapop.com/item/iphone-17-pro-256gb-100-bat-factura-garantia-1216257322,Madrid,iphone 17
1216263698,2026-01-16 10:38:12,iPhone 17 Air 256GB/100% bat seminuevo Esim,949 €,https://es.wallapop.com/item/iphone-17-air-256gb-100-bat-seminuevo-esim-1216263698,Madrid,iphone 17
1178282459,2026-01-16 10:38:12,IPHONE 17 PRO 256GB NUEVO=MOVILCENTER=,1159 €,https://es.wallapop.com/item/iphone-17-pro-256gb-nuevo-movilcenter-1178282459,Madrid,iphone 17
1199348342,2026-01-16 10:38:12,iPhone 17 Pro Max 256GB Azul precintado,1299 €,https://es.wallapop.com/item/iphone-17-pro-max-256gb-azul-precintado-1199348342,Madrid,iphone 17
1216670416,2026-01-16 10:38:12,iPhone 17 Azul 256GB,820 €,https://es.wallapop.com/item/iphone-17-azul-256gb-1216670416,Madrid,iphone 17
1215972508,2026-01-16 10:38:12,iPhone 17 Pro 256GB,1150 €,https://es.wallapop.com/item/iphone-17-pro-naranja-1215972508,Madrid,iphone 17
1216337203,2026-01-16 10:38:12,iPhone 17 Pro Max 256GB Azul Marino,1285 €,https://es.wallapop.com/item/iphone-17-pro-max-256gb-azul-marino-1216337203,Madrid,iphone 17
1216306177,2026-01-16 10:38:12,iPhone 17 Pro 256GB Azul,1149 €,https://es.wallapop.com/item/iphone-17-pro-256gb-azul-1216306177,Madrid,iphone 17
1217034565,2026-01-16 10:38:12,iPhone 17 Pro Max 256GB Azul,1150 €,https://es.wallapop.com/item/iphone-17-pro-max-256gb-azul-1217034565,Madrid,iphone 17
1216917789,2026-01-16 10:38:12,iPhone 17 Pro Max 256GB Azul,1300 €,https://es.wallapop.com/item/iphone-17-pro-max-256gb-azul-1216917789,Madrid,iphone 17
1216152583,2026-01-16 10:38:12,iPhone 17 Pro 512GB,1200 €,https://es.wallapop.com/item/iphone-17-pro-512gb-1216152583,Madrid,iphone 17
1216248283,2026-01-16 10:38:12,iPhone 17 Pro Max Azul Marino,1230 €,https://es.wallapop.com/item/iphone-17-pro-max-azul-marino-1216248283,Madrid,iphone 17
1216994858,2026-01-16 10:38:12,iPhone 17 Pro Max 512GB Naranja,1500 €,https://es.wallapop.com/item/iphone-17-pro-max-512gb-naranja-1216994858,Madrid,iphone 17
1215770262,2026-01-16 10:38:12,iPhone 17 Pro Azul,1200 €,https://es.wallapop.com/item/iphone-17-pro-azul-1215770262,Madrid,iphone 17
1215547753,2026-01-16 10:38:12,iPhone 17 256GB Blanco,859 €,https://es.wallapop.com/item/iphone-17-256gb-blanco-1215547753,Madrid,iphone 17
1217560843,2026-01-16 10:38:12,NUEVO iPhone 17 Pro Max ( CON FACTURA DE 1429 ),1250 €,https://es.wallapop.com/item/nuevo-iphone-17-pro-max-con-factura-de-1429-1217560843,Madrid,iphone 17
1216658232,2026-01-16 10:38:12,iPhone 17 Pro Max 256GB Plata,1199 €,https://es.wallapop.com/item/iphone-17-pro-max-256gb-plata-1216658232,Madrid,iphone 17
1216132354,2026-01-16 10:38:12,iPhone 17 pro max,1400 €,https://es.wallapop.com/item/iphone-17-pro-max-1216132354,Madrid,iphone 17
1216599442,2026-01-16 10:38:12,iPhone 17 Pro Max 256GB Azul Nuevo,1300 €,https://es.wallapop.com/item/iphone-17-pro-max-256gb-azul-nuevo-1216599442,Madrid,iphone 17
1216271804,2026-01-16 10:38:12,iPhone 17 Pro Max 256GB Azul,1295 €,https://es.wallapop.com/item/iphone-17-pro-max-256gb-azul-1216271804,Madrid,iphone 17
1216541574,2026-01-16 10:38:12,iPhone 17 Pro Max 512GB Azul Marino,1350 €,https://es.wallapop.com/item/iphone-17-pro-max-512gb-azul-marino-1216541574,Madrid,iphone 17
1199381350,2026-01-16 10:38:12,IPHONE 17 PRO MAX 256GB NUEVO=MOVILCENTER=,1339 €,https://es.wallapop.com/item/iphone-17-pro-max-256gb-nuevo-movilcenter-1199381350,Madrid,iphone 17
1216312349,2026-01-16 10:38:12,iPhone 17 Blanco-plateado 100% batería,880 €,https://es.wallapop.com/item/iphone-17-blanco-plateado-100-bateria-1216312349,Madrid,iphone 17
1215841698,2026-01-16 10:38:12,iPhone 17 Pro Max Azul,1200 €,https://es.wallapop.com/item/iphone-17-pro-max-azul-1215841698,Madrid,iphone 17
1215780140,2026-01-16 10:38:13,apple iphone 17 256gb,859 €,https://es.wallapop.com/item/apple-iphone-17-256gb-1215780140,Madrid,iphone 17
1183895913,2026-01-16 10:38:13,IPHONE 17 PRO MAX 256GB NUEVO=MOVILCENTER=,1319 €,https://es.wallapop.com/item/iphone-17-pro-max-512gb-nuevo-movilcenter-1183895913,Madrid,iphone 17
1216285228,2026-01-16 10:38:13,iPhone 17 Pro Max Naranja,1199 €,https://es.wallapop.com/item/iphone-17-pro-max-naranja-1216285228,Madrid,iphone 17
1216168204,2026-01-16 10:38:13,iPhone 17 Pro Max 256GB azul,1200 €,https://es.wallapop.com/item/iphone-17-pro-max-256gb-azul-1216168204,Madrid,iphone 17
1216224916,2026-01-16 10:38:13,iPhone 17 Pro 1TB Azul PRECINTADO,1499 €,https://es.wallapop.com/item/iphone-17-pro-1tb-azul-precintado-1216224916,Madrid,iphone 17
1215957776,2026-01-16 10:38:13,iPhone 17 totalemente nuevo.,820 €,https://es.wallapop.com/item/iphone-17-totalemente-nuevo-1215957776,Madrid,iphone 17
1216249362,2026-01-16 10:38:13,iPhone 17 Pro 256GB Naranja Precintado,1169 €,https://es.wallapop.com/item/iphone-17-pro-256gb-naranja-precintado-1216249362,Madrid,iphone 17
1216120001,2026-01-16 10:38:13,iPhone 17 Air 256GB sin abrir,929 €,https://es.wallapop.com/item/iphone-17-air-256gb-sin-abrir-1216120001,Madrid,iphone 17
1216494606,2026-01-16 10:38:13,apple iphone 17 pro max 512gb,1525 €,https://es.wallapop.com/item/apple-iphone-17-pro-max-512gb-1216494606,Madrid,iphone 17
